PRAGMA foreign_keys = ON;

INSERT INTO manager (ID, name, salary) VALUES
(78986, 'Michael Pine', 60000),
(93748, 'Sarah Bass', 65000),
(27384, 'Dominic Clark', 80000),
(12452, 'Monet Frank', 45000),
(30184, 'George Pendinsky', 60000),
(66897, 'Anna Bordeaux', 70000);

INSERT INTO department (name, section, manager_ID) VALUES
('Produce', 'A', 78986),
('Electronics','B', 93748),
('Clothing', 'C', 27384),
('Bakery', 'D', 12452),
('Deli', 'E', 30184),
('Outdoor', 'F', 66897);

INSERT INTO associate (ID, name, salary, dept_name) VALUES
(1,  'Alice Johnson',      42000, 'Produce'),
(2,  'Brandon Smith',      39000, 'Electronics'),
(3,  'Carla Nguyen',       41000, 'Clothing'),
(4,  'David Lee',          38000, 'Bakery'),
(5,  'Emily Davis',        43000, 'Deli'),
(6,  'Frank Torres',       40000, 'Outdoor'),
(7,  'Grace Patel',        45000, 'Electronics'),
(8,  'Henry Walker',       37000, 'Produce'),
(9,  'Isabella Moore',     44000, 'Clothing'),
(10, 'Jack Anderson',      39500, 'Bakery'),
(11, 'Kimberly Wright',    46000, 'Deli'),
(12, 'Liam Harris',        38500, 'Outdoor'),
(13, 'Mia Thompson',       42500, 'Produce'),
(14, 'Noah Martinez',      39000, 'Electronics'),
(15, 'Olivia Carter',      45500, 'Clothing'),
(16, 'Paul White',         37500, 'Bakery'),
(17, 'Quinn Rivera',       43500, 'Deli'),
(18, 'Riley Clark',        40500, 'Outdoor'),
(19, 'Sophia Hall',        47000, 'Produce'),
(20, 'Thomas Young',       39500, 'Electronics'),
(21, 'Uma King',           44000, 'Clothing'),
(22, 'Victor Scott',       38500, 'Bakery'),
(23, 'Wendy Adams',        45000, 'Deli'),
(24, 'Xavier Perez',       36500, 'Outdoor'),
(25, 'Yasmine Brooks',     43000, 'Produce'),
(26, 'Zachary Morgan',     40000, 'Electronics'),
(27, 'Ava Bennett',        46000, 'Clothing'),
(28, 'Ethan Flores',       38000, 'Bakery'),
(29, 'Chloe Reed',         44000, 'Deli'),
(30, 'Logan Wood',         39000, 'Outdoor');

INSERT INTO aisle (ID, dept_name) VALUES
('A1', 'Produce'),
('A2', 'Produce'),
('A3', 'Produce'),
('A4', 'Produce'),
('A5', 'Produce'),
('B1', 'Electronics'),
('B2', 'Electronics'),
('B3', 'Electronics'),
('B4', 'Electronics'),
('B5', 'Electronics'),
('C1', 'Clothing'),
('C2', 'Clothing'),
('C3', 'Clothing'),
('C4', 'Clothing'),
('C5', 'Clothing'),
('D1', 'Bakery'),
('D2', 'Bakery'),
('D3', 'Bakery'),
('D4', 'Bakery'),
('D5', 'Bakery'),
('E1', 'Deli'),
('E2', 'Deli'),
('E3', 'Deli'),
('E4', 'Deli'),
('E5', 'Deli'),
('F1', 'Outdoor'),
('F2', 'Outdoor'),
('F3', 'Outdoor'),
('F4', 'Outdoor'),
('F5', 'Outdoor');

INSERT INTO product (ID, name, brand, price, quantity_in_stock, date_added, aisle_id, dept_name) VALUES
-- PRODUCE (A1–A5) 1–50
(1, 'Gala Apples 3 lb Bag', 'FreshFarm', 1.49, 17, '2024-01-01', 'A1', 'Produce'),
(2, 'Bananas Bunch', 'GreenLeaf', 1.69, 34, '2024-01-02', 'A1', 'Produce'),
(3, 'Navel Oranges 4 ct', 'SunnyVale', 1.89, 51, '2024-01-03', 'A1', 'Produce'),
(4, 'Red Seedless Grapes', 'FreshFarm', 2.09, 68, '2024-01-04', 'A1', 'Produce'),
(5, 'Strawberries 1 lb', 'GreenLeaf', 2.29, 85, '2024-01-05', 'A1', 'Produce'),
(6, 'Blueberries 6 oz', 'SunnyVale', 2.49, 2, '2024-01-06', 'A1', 'Produce'),
(7, 'Roma Tomatoes 1 lb', 'FreshFarm', 2.69, 19, '2024-01-07', 'A1', 'Produce'),
(8, 'Cucumbers 3 ct', 'GreenLeaf', 2.89, 36, '2024-01-08', 'A1', 'Produce'),
(9, 'Baby Spinach Clamshell', 'SunnyVale', 3.09, 53, '2024-01-09', 'A1', 'Produce'),
(10, 'Broccoli Crowns', 'FreshFarm', 3.29, 70, '2024-01-10', 'A1', 'Produce'),

(11, 'Russet Potatoes 5 lb Bag', 'GreenLeaf', 3.49, 87, '2024-01-11', 'A2', 'Produce'),
(12, 'Sweet Potatoes 3 lb Bag', 'SunnyVale', 3.69, 4, '2024-01-12', 'A2', 'Produce'),
(13, 'Yellow Onions 3 lb Bag', 'FreshFarm', 3.89, 21, '2024-01-13', 'A2', 'Produce'),
(14, 'Red Onions 2 lb Bag', 'GreenLeaf', 4.09, 38, '2024-01-14', 'A2', 'Produce'),
(15, 'Garlic Bulbs 3 ct', 'SunnyVale', 4.29, 55, '2024-01-15', 'A2', 'Produce'),
(16, 'Green Bell Peppers 3 ct', 'FreshFarm', 4.49, 72, '2024-01-16', 'A2', 'Produce'),
(17, 'Red Bell Peppers 2 ct', 'GreenLeaf', 4.69, 89, '2024-01-17', 'A2', 'Produce'),
(18, 'Carrots 1 lb Bag', 'SunnyVale', 4.89, 6, '2024-01-18', 'A2', 'Produce'),
(19, 'Celery Hearts', 'FreshFarm', 5.09, 23, '2024-01-19', 'A2', 'Produce'),
(20, 'Iceberg Lettuce Head', 'GreenLeaf', 5.29, 40, '2024-01-20', 'A2', 'Produce'),

(21, 'Romaine Lettuce Hearts', 'SunnyVale', 5.49, 57, '2024-01-21', 'A3', 'Produce'),
(22, 'Spring Mix Salad 5 oz', 'FreshFarm', 5.69, 74, '2024-01-22', 'A3', 'Produce'),
(23, 'Hass Avocados 4 ct', 'GreenLeaf', 5.89, 91, '2024-01-23', 'A3', 'Produce'),
(24, 'Limes 6 ct Bag', 'SunnyVale', 6.09, 8, '2024-01-24', 'A3', 'Produce'),
(25, 'Lemons 6 ct Bag', 'FreshFarm', 6.29, 25, '2024-01-25', 'A3', 'Produce'),
(26, 'Seedless Watermelon Whole', 'GreenLeaf', 6.49, 42, '2024-01-26', 'A3', 'Produce'),
(27, 'Cantaloupe Melon', 'SunnyVale', 6.69, 59, '2024-01-27', 'A3', 'Produce'),
(28, 'Honeydew Melon', 'FreshFarm', 6.89, 76, '2024-01-28', 'A3', 'Produce'),
(29, 'Pineapple Whole', 'GreenLeaf', 7.09, 93, '2024-01-29', 'A3', 'Produce'),
(30, 'Mangoes 3 ct', 'SunnyVale', 7.29, 10, '2024-01-30', 'A3', 'Produce'),

(31, 'Grapefruit 4 ct Bag', 'FreshFarm', 7.49, 27, '2024-01-31', 'A4', 'Produce'),
(32, 'Bartlett Pears 3 lb Bag', 'GreenLeaf', 7.69, 44, '2024-02-01', 'A4', 'Produce'),
(33, 'Granny Smith Apples 3 lb', 'SunnyVale', 7.89, 61, '2024-02-02', 'A4', 'Produce'),
(34, 'Peaches Yellow 2 lb', 'FreshFarm', 8.09, 78, '2024-02-03', 'A4', 'Produce'),
(35, 'Nectarines 2 lb', 'GreenLeaf', 8.29, 95, '2024-02-04', 'A4', 'Produce'),
(36, 'Black Plums 2 lb', 'SunnyVale', 8.49, 12, '2024-02-05', 'A4', 'Produce'),
(37, 'Sweet Cherries 1 lb', 'FreshFarm', 8.69, 29, '2024-02-06', 'A4', 'Produce'),
(38, 'Green Grapes Seedless 2 lb', 'GreenLeaf', 8.89, 46, '2024-02-07', 'A4', 'Produce'),
(39, 'Red Grapes Seedless 2 lb', 'SunnyVale', 9.09, 63, '2024-02-08', 'A4', 'Produce'),
(40, 'Cherry Tomatoes Pint', 'FreshFarm', 9.29, 80, '2024-02-09', 'A4', 'Produce'),

(41, 'Grape Tomatoes Pint', 'GreenLeaf', 9.49, 97, '2024-02-10', 'A5', 'Produce'),
(42, 'Jalapeno Peppers 8 oz', 'SunnyVale', 9.69, 14, '2024-02-11', 'A5', 'Produce'),
(43, 'Fresh Cilantro Bunch', 'FreshFarm', 9.89, 31, '2024-02-12', 'A5', 'Produce'),
(44, 'Fresh Parsley Bunch', 'GreenLeaf', 10.09, 48, '2024-02-13', 'A5', 'Produce'),
(45, 'Fresh Basil Bunch', 'SunnyVale', 10.29, 65, '2024-02-14', 'A5', 'Produce'),
(46, 'Green Zucchini 2 ct', 'FreshFarm', 10.49, 82, '2024-02-15', 'A5', 'Produce'),
(47, 'Yellow Squash 2 ct', 'GreenLeaf', 10.69, 99, '2024-02-16', 'A5', 'Produce'),
(48, 'White Mushrooms Sliced 8 oz', 'SunnyVale', 10.89, 16, '2024-02-17', 'A5', 'Produce'),
(49, 'Portobello Mushroom Caps 2 ct', 'FreshFarm', 11.09, 33, '2024-02-18', 'A5', 'Produce'),
(50, 'Fresh Ginger Root 8 oz', 'GreenLeaf', 11.29, 50, '2024-02-19', 'A5', 'Produce'),

-- ELECTRONICS (B1–B5) 51–100
(51, '32 Inch LED TV', 'TechWave', 29.99, 67, '2024-02-20', 'B1', 'Electronics'),
(52, 'Wireless Bluetooth Headphones', 'ElectroMax', 39, 84, '2024-02-21', 'B1', 'Electronics'),
(53, 'Portable Bluetooth Speaker', 'GigaHome', 49, 1, '2024-02-22', 'B1', 'Electronics'),
(54, 'Gaming Mouse USB', 'TechWave', 59, 18, '2024-02-23', 'B1', 'Electronics'),
(55, 'Mechanical Keyboard RGB', 'ElectroMax', 69, 35, '2024-02-24', 'B1', 'Electronics'),
(56, '27 Inch Computer Monitor', 'GigaHome', 79, 52, '2024-02-25', 'B1', 'Electronics'),
(57, 'External Hard Drive 1TB', 'TechWave', 89, 69, '2024-02-26', 'B1', 'Electronics'),
(58, 'USB C Fast Charger', 'ElectroMax', 99, 86, '2024-02-27', 'B1', 'Electronics'),
(59, 'Noise Cancelling Earbuds', 'GigaHome', 109, 3, '2024-02-28', 'B1', 'Electronics'),
(60, 'Smart Home WiFi Plug', 'TechWave', 119, 20, '2024-02-29', 'B1', 'Electronics'),

(61, 'Smartphone 64GB Black', 'ElectroMax', 129, 37, '2024-03-01', 'B2', 'Electronics'),
(62, 'Smartphone 128GB Silver', 'GigaHome', 139, 54, '2024-03-02', 'B2', 'Electronics'),
(63, 'Tablet 10 Inch 64GB', 'TechWave', 149, 71, '2024-03-03', 'B2', 'Electronics'),
(64, 'Tablet 8 Inch 32GB', 'ElectroMax', 159, 88, '2024-03-04', 'B2', 'Electronics'),
(65, 'Laptop 14 Inch i5', 'GigaHome', 169, 5, '2024-03-05', 'B2', 'Electronics'),
(66, 'Laptop 15 Inch Ryzen', 'TechWave', 179, 22, '2024-03-06', 'B2', 'Electronics'),
(67, 'Wireless Laser Printer', 'ElectroMax', 189, 39, '2024-03-07', 'B2', 'Electronics'),
(68, 'Inkjet Color Printer', 'GigaHome', 199, 56, '2024-03-08', 'B2', 'Electronics'),
(69, 'External SSD 500GB', 'TechWave', 209, 73, '2024-03-09', 'B2', 'Electronics'),
(70, 'USB Flash Drive 128GB', 'ElectroMax', 219, 90, '2024-03-10', 'B2', 'Electronics'),

(71, 'WiFi Router Dual Band', 'GigaHome', 229, 7, '2024-03-11', 'B3', 'Electronics'),
(72, 'Mesh WiFi System 3 Pack', 'TechWave', 239, 24, '2024-03-12', 'B3', 'Electronics'),
(73, 'Network Switch 8 Port', 'ElectroMax', 249, 41, '2024-03-13', 'B3', 'Electronics'),
(74, 'USB C Hub 7 in 1', 'GigaHome', 259, 58, '2024-03-14', 'B3', 'Electronics'),
(75, 'HDMI Cable 6 ft', 'TechWave', 269, 75, '2024-03-15', 'B3', 'Electronics'),
(76, 'Surge Protector Power Strip', 'ElectroMax', 279, 92, '2024-03-16', 'B3', 'Electronics'),
(77, 'Webcam 1080p USB', 'GigaHome', 289, 9, '2024-03-17', 'B3', 'Electronics'),
(78, 'Gaming Headset Stereo', 'TechWave', 299, 26, '2024-03-18', 'B3', 'Electronics'),
(79, 'PC Speakers 2 Piece', 'ElectroMax', 309, 43, '2024-03-19', 'B3', 'Electronics'),
(80, 'Wireless Keyboard Mouse Combo', 'GigaHome', 319, 60, '2024-03-20', 'B3', 'Electronics'),

(81, '4K Streaming Media Player', 'TechWave', 329, 77, '2024-03-21', 'B4', 'Electronics'),
(82, 'Bluetooth Soundbar', 'ElectroMax', 339, 94, '2024-03-22', 'B4', 'Electronics'),
(83, 'Over Ear Studio Headphones', 'GigaHome', 349, 11, '2024-03-23', 'B4', 'Electronics'),
(84, 'Portable DVD Player', 'TechWave', 359, 28, '2024-03-24', 'B4', 'Electronics'),
(85, 'Car Phone Charger Dual USB', 'ElectroMax', 369, 45, '2024-03-25', 'B4', 'Electronics'),
(86, 'Dash Cam HD Front', 'GigaHome', 379, 62, '2024-03-26', 'B4', 'Electronics'),
(87, 'Smartwatch Fitness Tracker', 'TechWave', 389, 79, '2024-03-27', 'B4', 'Electronics'),
(88, 'Wireless Charging Pad', 'ElectroMax', 399, 96, '2024-03-28', 'B4', 'Electronics'),
(89, 'Noise Blocking Ear Plugs Electronic', 'GigaHome', 409, 13, '2024-03-29', 'B4', 'Electronics'),
(90, 'Action Camera 4K', 'TechWave', 419, 30, '2024-03-30', 'B4', 'Electronics'),

(91, 'Smart Home Security Camera', 'ElectroMax', 429, 47, '2024-03-31', 'B5', 'Electronics'),
(92, 'Video Doorbell WiFi', 'GigaHome', 439, 64, '2024-04-01', 'B5', 'Electronics'),
(93, 'Digital Photo Frame 10 Inch', 'TechWave', 449, 81, '2024-04-02', 'B5', 'Electronics'),
(94, 'Universal Remote Control', 'ElectroMax', 459, 98, '2024-04-03', 'B5', 'Electronics'),
(95, 'Portable Power Bank 10000mAh', 'GigaHome', 469, 15, '2024-04-04', 'B5', 'Electronics'),
(96, 'USB Wall Charger 4 Port', 'TechWave', 479, 32, '2024-04-05', 'B5', 'Electronics'),
(97, 'Laptop Cooling Pad', 'ElectroMax', 489, 49, '2024-04-06', 'B5', 'Electronics'),
(98, 'Wireless Presenter Mouse', 'GigaHome', 499, 66, '2024-04-07', 'B5', 'Electronics'),
(99, 'Bluetooth Car FM Transmitter', 'TechWave', 509, 83, '2024-04-08', 'B5', 'Electronics'),
(100, 'Noise Meter Digital', 'ElectroMax', 519, 0, '2024-04-09', 'B5', 'Electronics'),

-- CLOTHING (C1–C5) 101–150
(101, 'Mens Black Crew T Shirt M', 'UrbanWear', 14.99, 17, '2024-04-10', 'C1', 'Clothing'),
(102, 'Mens White Crew T Shirt L', 'ComfortFit', 19.99, 34, '2024-04-11', 'C1', 'Clothing'),
(103, 'Mens Blue Jeans 32x32', 'StyleHub', 24.99, 51, '2024-04-12', 'C1', 'Clothing'),
(104, 'Mens Khaki Chinos 34x32', 'UrbanWear', 29.99, 68, '2024-04-13', 'C1', 'Clothing'),
(105, 'Mens Zip Hoodie Grey L', 'ComfortFit', 34.99, 85, '2024-04-14', 'C1', 'Clothing'),
(106, 'Mens Flannel Shirt Red L', 'StyleHub', 39.99, 2, '2024-04-15', 'C1', 'Clothing'),
(107, 'Mens Polo Shirt Navy M', 'UrbanWear', 44.99, 19, '2024-04-16', 'C1', 'Clothing'),
(108, 'Mens Jogger Pants Black L', 'ComfortFit', 49.99, 36, '2024-04-17', 'C1', 'Clothing'),
(109, 'Mens Athletic Shorts XL', 'StyleHub', 54.99, 53, '2024-04-18', 'C1', 'Clothing'),
(110, 'Mens Dress Shirt White 16', 'UrbanWear', 59.99, 70, '2024-04-19', 'C1', 'Clothing'),

(111, 'Womens V Neck Tee Black S', 'ComfortFit', 64.99, 87, '2024-04-20', 'C2', 'Clothing'),
(112, 'Womens V Neck Tee Pink M', 'StyleHub', 69.99, 4, '2024-04-21', 'C2', 'Clothing'),
(113, 'Womens Skinny Jeans 6', 'UrbanWear', 74.99, 21, '2024-04-22', 'C2', 'Clothing'),
(114, 'Womens Leggings Black M', 'ComfortFit', 79.99, 38, '2024-04-23', 'C2', 'Clothing'),
(115, 'Womens Cardigan Grey M', 'StyleHub', 84.99, 55, '2024-04-24', 'C2', 'Clothing'),
(116, 'Womens Denim Jacket S', 'UrbanWear', 89.99, 72, '2024-04-25', 'C2', 'Clothing'),
(117, 'Womens Maxi Dress Floral M', 'ComfortFit', 94.99, 89, '2024-04-26', 'C2', 'Clothing'),
(118, 'Womens Blouse Navy L', 'StyleHub', 99.99, 6, '2024-04-27', 'C2', 'Clothing'),
(119, 'Womens Capri Pants 8', 'UrbanWear', 104.99, 23, '2024-04-28', 'C2', 'Clothing'),
(120, 'Womens Jogger Pants S', 'ComfortFit', 109.99, 40, '2024-04-29', 'C2', 'Clothing'),

(121, 'Boys Graphic Tee Size 8', 'StyleHub', 114.99, 57, '2024-04-30', 'C3', 'Clothing'),
(122, 'Boys Athletic Shorts 10', 'UrbanWear', 119.99, 74, '2024-05-01', 'C3', 'Clothing'),
(123, 'Boys Jeans Slim 12', 'ComfortFit', 124.99, 91, '2024-05-02', 'C3', 'Clothing'),
(124, 'Boys Hoodie Blue 10', 'StyleHub', 129.99, 8, '2024-05-03', 'C3', 'Clothing'),
(125, 'Boys Polo Shirt 8', 'UrbanWear', 134.99, 25, '2024-05-04', 'C3', 'Clothing'),
(126, 'Girls Graphic Tee Size 6', 'ComfortFit', 139.99, 42, '2024-05-05', 'C3', 'Clothing'),
(127, 'Girls Leggings Pink 8', 'StyleHub', 144.99, 59, '2024-05-06', 'C3', 'Clothing'),
(128, 'Girls Skirt Denim 10', 'UrbanWear', 149.99, 76, '2024-05-07', 'C3', 'Clothing'),
(129, 'Girls Dress Yellow 6', 'ComfortFit', 154.99, 93, '2024-05-08', 'C3', 'Clothing'),
(130, 'Girls Cardigan White 7', 'StyleHub', 159.99, 10, '2024-05-09', 'C3', 'Clothing'),

(131, 'Mens Athletic Socks 6 Pack', 'UrbanWear', 164.99, 27, '2024-05-10', 'C4', 'Clothing'),
(132, 'Womens No Show Socks 6 Pack', 'ComfortFit', 169.99, 44, '2024-05-11', 'C4', 'Clothing'),
(133, 'Mens Boxer Briefs 4 Pack', 'StyleHub', 174.99, 61, '2024-05-12', 'C4', 'Clothing'),
(134, 'Womens Sports Bra Medium', 'UrbanWear', 179.99, 78, '2024-05-13', 'C4', 'Clothing'),
(135, 'Mens Belt Brown 34', 'ComfortFit', 184.99, 95, '2024-05-14', 'C4', 'Clothing'),
(136, 'Womens Infinity Scarf Grey', 'StyleHub', 189.99, 12, '2024-05-15', 'C4', 'Clothing'),
(137, 'Baseball Cap Black Adjustable', 'UrbanWear', 194.99, 29, '2024-05-16', 'C4', 'Clothing'),
(138, 'Beanie Knit Hat Navy', 'ComfortFit', 199.99, 46, '2024-05-17', 'C4', 'Clothing'),
(139, 'Mens Leather Gloves L', 'StyleHub', 204.99, 63, '2024-05-18', 'C4', 'Clothing'),
(140, 'Womens Knit Gloves S', 'UrbanWear', 209.99, 80, '2024-05-19', 'C4', 'Clothing'),

(141, 'Mens Rain Jacket Black L', 'ComfortFit', 214.99, 97, '2024-05-20', 'C5', 'Clothing'),
(142, 'Womens Rain Jacket Teal M', 'StyleHub', 219.99, 14, '2024-05-21', 'C5', 'Clothing'),
(143, 'Mens Puffer Coat Navy XL', 'UrbanWear', 224.99, 31, '2024-05-22', 'C5', 'Clothing'),
(144, 'Womens Puffer Coat Red L', 'ComfortFit', 229.99, 48, '2024-05-23', 'C5', 'Clothing'),
(145, 'Mens Windbreaker Grey M', 'StyleHub', 234.99, 65, '2024-05-24', 'C5', 'Clothing'),
(146, 'Womens Windbreaker Pink S', 'UrbanWear', 239.99, 82, '2024-05-25', 'C5', 'Clothing'),
(147, 'Unisex Hoodie Fleece Black M', 'ComfortFit', 244.99, 99, '2024-05-26', 'C5', 'Clothing'),
(148, 'Unisex Hoodie Fleece Green L', 'StyleHub', 249.99, 16, '2024-05-27', 'C5', 'Clothing'),
(149, 'Mens Dress Pants Charcoal 34', 'UrbanWear', 254.99, 33, '2024-05-28', 'C5', 'Clothing'),
(150, 'Womens Dress Pants Black 10', 'ComfortFit', 259.99, 50, '2024-05-29', 'C5', 'Clothing'),

-- BAKERY (D1–D5) 151–200
(151, 'Sourdough Bread Loaf', 'SweetBite', 1.99, 67, '2024-05-30', 'D1', 'Bakery'),
(152, 'Italian Bread Loaf', 'GoldenCrust', 2.29, 84, '2024-05-31', 'D1', 'Bakery'),
(153, 'French Baguette Single', 'BakersJoy', 2.59, 1, '2024-06-01', 'D1', 'Bakery'),
(154, 'Whole Wheat Bread Loaf', 'SweetBite', 2.89, 18, '2024-06-02', 'D1', 'Bakery'),
(155, 'Rye Bread Loaf', 'GoldenCrust', 3.19, 35, '2024-06-03', 'D1', 'Bakery'),
(156, 'Multigrain Bread Loaf', 'BakersJoy', 3.49, 52, '2024-06-04', 'D1', 'Bakery'),
(157, 'Dinner Rolls 12 Pack', 'SweetBite', 3.79, 69, '2024-06-05', 'D1', 'Bakery'),
(158, 'Hamburger Buns 8 Pack', 'GoldenCrust', 4.09, 86, '2024-06-06', 'D1', 'Bakery'),
(159, 'Hot Dog Buns 8 Pack', 'BakersJoy', 4.39, 3, '2024-06-07', 'D1', 'Bakery'),
(160, 'Ciabatta Rolls 4 Pack', 'SweetBite', 4.69, 20, '2024-06-08', 'D1', 'Bakery'),

(161, 'Plain Bagels 6 Pack', 'GoldenCrust', 4.99, 37, '2024-06-09', 'D2', 'Bakery'),
(162, 'Cinnamon Raisin Bagels 6 Pack', 'BakersJoy', 5.29, 54, '2024-06-10', 'D2', 'Bakery'),
(163, 'Blueberry Muffins 4 Pack', 'SweetBite', 5.59, 71, '2024-06-11', 'D2', 'Bakery'),
(164, 'Chocolate Chip Muffins 4 Pack', 'GoldenCrust', 5.89, 88, '2024-06-12', 'D2', 'Bakery'),
(165, 'Glazed Donuts 6 Pack', 'BakersJoy', 6.19, 5, '2024-06-13', 'D2', 'Bakery'),
(166, 'Chocolate Frosted Donuts 6 Pack', 'SweetBite', 6.49, 22, '2024-06-14', 'D2', 'Bakery'),
(167, 'Apple Fritters 4 Pack', 'GoldenCrust', 6.79, 39, '2024-06-15', 'D2', 'Bakery'),
(168, 'Croissants Butter 4 Pack', 'BakersJoy', 7.09, 56, '2024-06-16', 'D2', 'Bakery'),
(169, 'Almond Croissants 4 Pack', 'SweetBite', 7.39, 73, '2024-06-17', 'D2', 'Bakery'),
(170, 'Cinnamon Rolls 4 Pack', 'GoldenCrust', 7.69, 90, '2024-06-18', 'D2', 'Bakery'),

(171, 'Apple Pie 9 Inch', 'BakersJoy', 7.99, 7, '2024-06-19', 'D3', 'Bakery'),
(172, 'Cherry Pie 9 Inch', 'SweetBite', 8.29, 24, '2024-06-20', 'D3', 'Bakery'),
(173, 'Pumpkin Pie 9 Inch', 'GoldenCrust', 8.59, 41, '2024-06-21', 'D3', 'Bakery'),
(174, 'Pecan Pie 9 Inch', 'BakersJoy', 8.89, 58, '2024-06-22', 'D3', 'Bakery'),
(175, 'Cheesecake New York Slice', 'SweetBite', 9.19, 75, '2024-06-23', 'D3', 'Bakery'),
(176, 'Chocolate Cake Slice', 'GoldenCrust', 9.49, 92, '2024-06-24', 'D3', 'Bakery'),
(177, 'Carrot Cake Slice', 'BakersJoy', 9.79, 9, '2024-06-25', 'D3', 'Bakery'),
(178, 'Brownies 6 Pack', 'SweetBite', 10.09, 26, '2024-06-26', 'D3', 'Bakery'),
(179, 'Lemon Bars 6 Pack', 'GoldenCrust', 10.39, 43, '2024-06-27', 'D3', 'Bakery'),
(180, 'Chocolate Chip Cookies 12 Pack', 'BakersJoy', 10.69, 60, '2024-06-28', 'D3', 'Bakery'),

(181, 'Sugar Cookies 12 Pack', 'SweetBite', 10.99, 77, '2024-06-29', 'D4', 'Bakery'),
(182, 'Oatmeal Raisin Cookies 12 Pack', 'GoldenCrust', 11.29, 94, '2024-06-30', 'D4', 'Bakery'),
(183, 'Macarons Assorted 12 Pack', 'BakersJoy', 11.59, 11, '2024-07-01', 'D4', 'Bakery'),
(184, 'Mini Eclairs 10 Pack', 'SweetBite', 11.89, 28, '2024-07-02', 'D4', 'Bakery'),
(185, 'Cream Puffs 10 Pack', 'GoldenCrust', 12.19, 45, '2024-07-03', 'D4', 'Bakery'),
(186, 'Banana Bread Loaf', 'BakersJoy', 12.49, 62, '2024-07-04', 'D4', 'Bakery'),
(187, 'Zucchini Bread Loaf', 'SweetBite', 12.79, 79, '2024-07-05', 'D4', 'Bakery'),
(188, 'Coffee Cake Cinnamon', 'GoldenCrust', 13.09, 96, '2024-07-06', 'D4', 'Bakery'),
(189, 'Pound Cake Vanilla', 'BakersJoy', 13.39, 13, '2024-07-07', 'D4', 'Bakery'),
(190, 'Marble Cake Chocolate Vanilla', 'SweetBite', 13.69, 30, '2024-07-08', 'D4', 'Bakery'),

(191, 'Birthday Cake Chocolate 8 Inch', 'GoldenCrust', 13.99, 47, '2024-07-09', 'D5', 'Bakery'),
(192, 'Birthday Cake Vanilla 8 Inch', 'BakersJoy', 14.29, 64, '2024-07-10', 'D5', 'Bakery'),
(193, 'Red Velvet Cake 8 Inch', 'SweetBite', 14.59, 81, '2024-07-11', 'D5', 'Bakery'),
(194, 'Tres Leches Cake 8 Inch', 'GoldenCrust', 14.89, 98, '2024-07-12', 'D5', 'Bakery'),
(195, 'Tiramisu Tray', 'BakersJoy', 15.19, 15, '2024-07-13', 'D5', 'Bakery'),
(196, 'Baklava 12 Piece', 'SweetBite', 15.49, 32, '2024-07-14', 'D5', 'Bakery'),
(197, 'Cannoli 6 Pack', 'GoldenCrust', 15.79, 49, '2024-07-15', 'D5', 'Bakery'),
(198, 'Fruit Tart Assorted', 'BakersJoy', 16.09, 66, '2024-07-16', 'D5', 'Bakery'),
(199, 'Mini Cupcakes 24 Pack', 'SweetBite', 16.39, 83, '2024-07-17', 'D5', 'Bakery'),
(200, 'Brownie Bites 24 Pack', 'GoldenCrust', 16.69, 0, '2024-07-18', 'D5', 'Bakery'),

-- DELI (E1–E5) 201–250
(201, 'Smoked Turkey Breast Sliced', 'PrimeCuts', 4.99, 17, '2024-07-19', 'E1', 'Deli'),
(202, 'Honey Ham Sliced', 'FreshSlice', 5.39, 34, '2024-07-20', 'E1', 'Deli'),
(203, 'Roast Beef Deli Thin', 'TenderChoice', 5.79, 51, '2024-07-21', 'E1', 'Deli'),
(204, 'Oven Roasted Chicken Breast', 'PrimeCuts', 6.19, 68, '2024-07-22', 'E1', 'Deli'),
(205, 'Black Forest Ham Sliced', 'FreshSlice', 6.59, 85, '2024-07-23', 'E1', 'Deli'),
(206, 'Salami Hard Sliced', 'TenderChoice', 6.99, 2, '2024-07-24', 'E1', 'Deli'),
(207, 'Pepperoni Sandwich Slices', 'PrimeCuts', 7.39, 19, '2024-07-25', 'E1', 'Deli'),
(208, 'Bologna Sliced', 'FreshSlice', 7.79, 36, '2024-07-26', 'E1', 'Deli'),
(209, 'Prosciutto Thin Sliced', 'TenderChoice', 8.19, 53, '2024-07-27', 'E1', 'Deli'),
(210, 'Pastrami Sliced', 'PrimeCuts', 8.59, 70, '2024-07-28', 'E1', 'Deli'),

(211, 'Swiss Cheese Sliced', 'FreshSlice', 8.99, 87, '2024-07-29', 'E2', 'Deli'),
(212, 'Cheddar Cheese Sliced', 'TenderChoice', 9.39, 4, '2024-07-30', 'E2', 'Deli'),
(213, 'Provolone Cheese Sliced', 'PrimeCuts', 9.79, 21, '2024-07-31', 'E2', 'Deli'),
(214, 'Mozzarella Cheese Sliced', 'FreshSlice', 10.19, 38, '2024-08-01', 'E2', 'Deli'),
(215, 'Pepper Jack Cheese Sliced', 'TenderChoice', 10.59, 55, '2024-08-02', 'E2', 'Deli'),
(216, 'Colby Jack Cheese Sliced', 'PrimeCuts', 10.99, 72, '2024-08-03', 'E2', 'Deli'),
(217, 'Havarti Cheese Sliced', 'FreshSlice', 11.39, 89, '2024-08-04', 'E2', 'Deli'),
(218, 'American Cheese Singles', 'TenderChoice', 11.79, 6, '2024-08-05', 'E2', 'Deli'),
(219, 'Deli Cheese Variety Pack', 'PrimeCuts', 12.19, 23, '2024-08-06', 'E2', 'Deli'),
(220, 'Shredded Cheddar Cheese', 'FreshSlice', 12.59, 40, '2024-08-07', 'E2', 'Deli'),

(221, 'Chicken Salad Deli Tub', 'TenderChoice', 12.99, 57, '2024-08-08', 'E3', 'Deli'),
(222, 'Tuna Salad Deli Tub', 'PrimeCuts', 13.39, 74, '2024-08-09', 'E3', 'Deli'),
(223, 'Egg Salad Deli Tub', 'FreshSlice', 13.79, 91, '2024-08-10', 'E3', 'Deli'),
(224, 'Potato Salad Family Size', 'TenderChoice', 14.19, 8, '2024-08-11', 'E3', 'Deli'),
(225, 'Macaroni Salad Family Size', 'PrimeCuts', 14.59, 25, '2024-08-12', 'E3', 'Deli'),
(226, 'Coleslaw Creamy', 'FreshSlice', 14.99, 42, '2024-08-13', 'E3', 'Deli'),
(227, 'Greek Pasta Salad', 'TenderChoice', 15.39, 59, '2024-08-14', 'E3', 'Deli'),
(228, 'Three Bean Salad', 'PrimeCuts', 15.79, 76, '2024-08-15', 'E3', 'Deli'),
(229, 'Quinoa Salad with Veggies', 'FreshSlice', 16.19, 93, '2024-08-16', 'E3', 'Deli'),
(230, 'Fruit Salad Mixed Bowl', 'TenderChoice', 16.59, 10, '2024-08-17', 'E3', 'Deli'),

(231, 'Rotisserie Chicken Original', 'PrimeCuts', 16.99, 27, '2024-08-18', 'E4', 'Deli'),
(232, 'Rotisserie Chicken Lemon Herb', 'FreshSlice', 17.39, 44, '2024-08-19', 'E4', 'Deli'),
(233, 'BBQ Ribs Half Rack', 'TenderChoice', 17.79, 61, '2024-08-20', 'E4', 'Deli'),
(234, 'Fried Chicken 8 Piece', 'PrimeCuts', 18.19, 78, '2024-08-21', 'E4', 'Deli'),
(235, 'Chicken Tenders Hot Case', 'FreshSlice', 18.59, 95, '2024-08-22', 'E4', 'Deli'),
(236, 'Meatloaf Sliced Tray', 'TenderChoice', 18.99, 12, '2024-08-23', 'E4', 'Deli'),
(237, 'Lasagna Ready to Bake', 'PrimeCuts', 19.39, 29, '2024-08-24', 'E4', 'Deli'),
(238, 'Stuffed Peppers Ready to Bake', 'FreshSlice', 19.79, 46, '2024-08-25', 'E4', 'Deli'),
(239, 'Mashed Potatoes Family Tray', 'TenderChoice', 20.19, 63, '2024-08-26', 'E4', 'Deli'),
(240, 'Gravy Beef Quart', 'PrimeCuts', 20.59, 80, '2024-08-27', 'E4', 'Deli'),

(241, 'Sandwich Wrap Turkey Swiss', 'FreshSlice', 20.99, 97, '2024-08-28', 'E5', 'Deli'),
(242, 'Sandwich Wrap Chicken Caesar', 'TenderChoice', 21.39, 14, '2024-08-29', 'E5', 'Deli'),
(243, 'Ham and Cheese Sub 12 Inch', 'PrimeCuts', 21.79, 31, '2024-08-30', 'E5', 'Deli'),
(244, 'Italian Sub 12 Inch', 'FreshSlice', 22.19, 48, '2024-08-31', 'E5', 'Deli'),
(245, 'Roast Beef Cheddar Sub 12 Inch', 'TenderChoice', 22.59, 65, '2024-09-01', 'E5', 'Deli'),
(246, 'Turkey Club Sandwich', 'PrimeCuts', 22.99, 82, '2024-09-02', 'E5', 'Deli'),
(247, 'Chicken Salad Sandwich', 'FreshSlice', 23.39, 99, '2024-09-03', 'E5', 'Deli'),
(248, 'Veggie Hummus Wrap', 'TenderChoice', 23.79, 16, '2024-09-04', 'E5', 'Deli'),
(249, 'Family Sub Party Tray', 'PrimeCuts', 24.19, 33, '2024-09-05', 'E5', 'Deli'),
(250, 'Cheese and Meat Party Platter', 'FreshSlice', 24.59, 50, '2024-09-06', 'E5', 'Deli'),

-- OUTDOOR (F1–F5) 251–300
(251, 'Camping Tent 4 Person', 'TrailMaster', 9.99, 67, '2024-09-07', 'F1', 'Outdoor'),
(252, 'Camping Tent 6 Person', 'CampPro', 12.99, 84, '2024-09-08', 'F1', 'Outdoor'),
(253, 'Sleeping Bag 30 Degree', 'EverHike', 15.99, 1, '2024-09-09', 'F1', 'Outdoor'),
(254, 'Sleeping Bag 0 Degree', 'TrailMaster', 18.99, 18, '2024-09-10', 'F1', 'Outdoor'),
(255, 'Camping Air Mattress Twin', 'CampPro', 21.99, 35, '2024-09-11', 'F1', 'Outdoor'),
(256, 'Camping Air Mattress Queen', 'EverHike', 24.99, 52, '2024-09-12', 'F1', 'Outdoor'),
(257, 'Camping Lantern LED', 'TrailMaster', 27.99, 69, '2024-09-13', 'F1', 'Outdoor'),
(258, 'Headlamp LED Adjustable', 'CampPro', 30.99, 86, '2024-09-14', 'F1', 'Outdoor'),
(259, 'Camping Cook Set 4 Piece', 'EverHike', 33.99, 3, '2024-09-15', 'F1', 'Outdoor'),
(260, 'Portable Camp Stove Single Burner', 'TrailMaster', 36.99, 20, '2024-09-16', 'F1', 'Outdoor'),

(261, 'Propane Fuel Cylinder 16 oz', 'CampPro', 39.99, 37, '2024-09-17', 'F2', 'Outdoor'),
(262, 'Charcoal Briquettes 16 lb Bag', 'EverHike', 42.99, 54, '2024-09-18', 'F2', 'Outdoor'),
(263, 'Firewood Bundle', 'TrailMaster', 45.99, 71, '2024-09-19', 'F2', 'Outdoor'),
(264, 'Camping Grill Portable', 'CampPro', 48.99, 88, '2024-09-20', 'F2', 'Outdoor'),
(265, 'BBQ Tool Set 5 Piece', 'EverHike', 51.99, 5, '2024-09-21', 'F2', 'Outdoor'),
(266, 'Camping Folding Table', 'TrailMaster', 54.99, 22, '2024-09-22', 'F2', 'Outdoor'),
(267, 'Folding Camp Chair Blue', 'CampPro', 57.99, 39, '2024-09-23', 'F2', 'Outdoor'),
(268, 'Folding Camp Chair Green', 'EverHike', 60.99, 56, '2024-09-24', 'F2', 'Outdoor'),
(269, 'Cooler 48 Quart', 'TrailMaster', 63.99, 73, '2024-09-25', 'F2', 'Outdoor'),
(270, 'Cooler 72 Quart Wheeled', 'CampPro', 66.99, 90, '2024-09-26', 'F2', 'Outdoor'),

(271, 'Hiking Backpack 40L', 'EverHike', 69.99, 7, '2024-09-27', 'F3', 'Outdoor'),
(272, 'Hiking Backpack 60L', 'TrailMaster', 72.99, 24, '2024-09-28', 'F3', 'Outdoor'),
(273, 'Trekking Poles Adjustable Pair', 'CampPro', 75.99, 41, '2024-09-29', 'F3', 'Outdoor'),
(274, 'Hydration Pack 2L', 'EverHike', 78.99, 58, '2024-09-30', 'F3', 'Outdoor'),
(275, 'Camping First Aid Kit', 'TrailMaster', 81.99, 75, '2024-10-01', 'F3', 'Outdoor'),
(276, 'Emergency Survival Kit', 'CampPro', 84.99, 92, '2024-10-02', 'F3', 'Outdoor'),
(277, 'Camping Multi Tool', 'EverHike', 87.99, 9, '2024-10-03', 'F3', 'Outdoor'),
(278, 'Compass and Map Set', 'TrailMaster', 90.99, 26, '2024-10-04', 'F3', 'Outdoor'),
(279, 'Binoculars 10x50', 'CampPro', 93.99, 43, '2024-10-05', 'F3', 'Outdoor'),
(280, 'Portable Solar Charger', 'EverHike', 96.99, 60, '2024-10-06', 'F3', 'Outdoor'),

(281, 'Fishing Rod Spinning Combo', 'TrailMaster', 99.99, 77, '2024-10-07', 'F4', 'Outdoor'),
(282, 'Fishing Tackle Box Kit', 'CampPro', 102.99, 94, '2024-10-08', 'F4', 'Outdoor'),
(283, 'Inflatable Kayak Single', 'EverHike', 105.99, 11, '2024-10-09', 'F4', 'Outdoor'),
(284, 'Inflatable Kayak Double', 'TrailMaster', 108.99, 28, '2024-10-10', 'F4', 'Outdoor'),
(285, 'Life Jacket Adult', 'CampPro', 111.99, 45, '2024-10-11', 'F4', 'Outdoor'),
(286, 'Life Jacket Youth', 'EverHike', 114.99, 62, '2024-10-12', 'F4', 'Outdoor'),
(287, 'Camping Hammock Single', 'TrailMaster', 117.99, 79, '2024-10-13', 'F4', 'Outdoor'),
(288, 'Camping Hammock Double', 'CampPro', 120.99, 96, '2024-10-14', 'F4', 'Outdoor'),
(289, 'Outdoor String Lights 48 ft', 'EverHike', 123.99, 13, '2024-10-15', 'F4', 'Outdoor'),
(290, 'Patio Umbrella 9 ft', 'TrailMaster', 126.99, 30, '2024-10-16', 'F4', 'Outdoor'),

(291, 'Charcoal Grill Kettle 22 Inch', 'CampPro', 129.99, 47, '2024-10-17', 'F5', 'Outdoor'),
(292, 'Gas Grill 3 Burner', 'EverHike', 132.99, 64, '2024-10-18', 'F5', 'Outdoor'),
(293, 'Fire Pit Steel Round', 'TrailMaster', 135.99, 81, '2024-10-19', 'F5', 'Outdoor'),
(294, 'Patio Heater Propane', 'CampPro', 138.99, 98, '2024-10-20', 'F5', 'Outdoor'),
(295, 'Outdoor Storage Box 120 Gal', 'EverHike', 141.99, 15, '2024-10-21', 'F5', 'Outdoor'),
(296, 'Garden Hose 50 ft', 'TrailMaster', 144.99, 32, '2024-10-22', 'F5', 'Outdoor'),
(297, 'Sprinkler Oscillating', 'CampPro', 147.99, 49, '2024-10-23', 'F5', 'Outdoor'),
(298, 'Lawn Chair Folding', 'EverHike', 150.99, 66, '2024-10-24', 'F5', 'Outdoor'),
(299, 'Yard Games Bocce Set', 'TrailMaster', 153.99, 83, '2024-10-25', 'F5', 'Outdoor'),
(300, 'Yard Games Cornhole Set', 'CampPro', 156.99, 0, '2024-10-26', 'F5', 'Outdoor');

INSERT INTO supplier (supplier_ID, name, phone_Number, dept_name) VALUES
(8234,'Speedy Produce',3858292, 'Produce'),
(9212,'Electro Supply',9229323, 'Electronics'),
(1242,'New Threads',5237643, 'Clothing'),
(942,'Fresh Bakes',8420901, 'Bakery'),
(32,'Outdoor Supply',5436790, 'Outdoor'),
(8929,'Meat Cuts',4568212, 'Deli');

INSERT INTO member (ID, name, points, date_joined, email_address, password) VALUES
(58291, 'Liam Carter', 734, '2025-03-14', 'liam.carter@outlook.com', 'pwA93kd'),
(10482, 'Emma Turner', 519, '2025-07-22', 'emma.turner@outlook.com', 'sK38pwL'),
(92841, 'Noah Mitchell', 82, '2025-02-05', 'noah.mitchell@outlook.com', 'Zp91Qwe'),
(47305, 'Olivia Hayes', 870, '2025-05-11', 'olivia.hayes@outlook.com', 'Tr71bmP'),
(32049, 'Mason Reed', 301, '2025-06-03', 'mason.reed@outlook.com', 'aL55ntQ'),
(85192, 'Ava Coleman', 998, '2025-03-27', 'ava.coleman@outlook.com', 'qwE82jx'),
(23814, 'Ethan Brooks', 452, '2025-10-19', 'ethan.brooks@outlook.com', 'Qx19lmC'),
(76290, 'Sophia Price', 145, '2025-04-02', 'sophia.price@outlook.com', 'mK98trZ'),
(50967, 'Logan Morris', 623, '2025-07-08', 'logan.morris@outlook.com', 'Na72pkD'),
(69432, 'Mia Rogers', 910, '2025-09-01', 'mia.rogers@outlook.com', 'Pw45asT'),

(81234, 'Jacob Perry', 201, '2025-01-18', 'jacob.perry@outlook.com', 'sk49LmE'),
(67549, 'Charlotte Gray', 742, '2025-02-28', 'charlotte.gray@outlook.com', 'tN55asQ'),
(94028, 'James Ellis', 334, '2025-06-21', 'james.ellis@outlook.com', 'xQ72fdA'),
(15704, 'Amelia Ward', 89, '2025-03-03', 'amelia.ward@outlook.com', 'cF85mrQ'),
(78501, 'Benjamin Stone', 567, '2025-11-02', 'benjamin.stone@outlook.com', 'vP11gzF'),
(43017, 'Harper West', 1000, '2025-04-19', 'harper.west@outlook.com', 'zr64LpS'),
(99830, 'Elijah Ford', 423, '2025-05-08', 'elijah.ford@outlook.com', 'Fd29xqB'),
(56192, 'Evelyn Cox', 358, '2025-08-30', 'evelyn.cox@outlook.com', 'wE22qvN'),
(28913, 'Alexander Lane', 765, '2025-07-15', 'alexander.lane@outlook.com', 'bT83mkH'),
(84476, 'Abigail Neal', 147, '2025-10-07', 'abigail.neal@outlook.com', 'kR40smU'),

(31059, 'Henry Abbott', 905, '2025-02-11', 'henry.abbott@outlook.com', 'Wp37ghC'),
(45627, 'Ella Barrett', 24, '2025-05-17', 'ella.barrett@outlook.com', 'Kd82paR'),
(72018, 'William Bowen', 632, '2025-09-23', 'william.bowen@outlook.com', 'Js60vbT'),
(59042, 'Luna Harmon', 771, '2025-11-12', 'luna.harmon@outlook.com', 'Qf83leD'),
(87415, 'Daniel Briggs', 53, '2025-03-22', 'daniel.briggs@outlook.com', 'Ma99tsK'),
(26984, 'Grace Chambers', 906, '2025-06-12', 'grace.chambers@outlook.com', 'Nr55weJ'),
(90531, 'Matthew Benson', 280, '2025-07-03', 'matthew.benson@outlook.com', 'yR44cdP'),
(14862, 'Chloe Jensen', 465, '2025-08-11', 'chloe.jensen@outlook.com', 'Fx10mzL'),
(77394, 'Joseph Peters', 722, '2025-01-30', 'joseph.peters@outlook.com', 'Dn27aqS'),
(62458, 'Aria Warren', 338, '2025-04-25', 'aria.warren@outlook.com', 'Lp31rtF'),

(41980, 'Samuel Holt', 540, '2025-06-09', 'samuel.holt@outlook.com', 'Gb56sxH'),
(53712, 'Scarlett Pope', 189, '2025-10-29', 'scarlett.pope@outlook.com', 'Ta99ldV'),
(90217, 'David Kerr', 814, '2025-05-02', 'david.kerr@outlook.com', 'Ht46pwN'),
(68143, 'Victoria Tate', 41, '2025-03-10', 'victoria.tate@outlook.com', 'Sw55xpM'),
(15077, 'Jackson Marsh', 690, '2025-07-25', 'jackson.marsh@outlook.com', 'Kr01mdB'),
(76481, 'Zoey Blake', 957, '2025-02-23', 'zoey.blake@outlook.com', 'Ep20vzQ'),
(52944, 'Sebastian Burke', 375, '2025-09-05', 'sebastian.burke@outlook.com', 'Rm72kwC'),
(88316, 'Violet Walsh', 808, '2025-01-09', 'violet.walsh@outlook.com', 'Yd65opF'),
(34579, 'Owen Lloyd', 118, '2025-04-14', 'owen.lloyd@outlook.com', 'Pg55azK'),
(61023, 'Natalie Cross', 590, '2025-08-27', 'natalie.cross@outlook.com', 'Tk34ueW'),

(99205, 'Gabriel Pratt', 264, '2025-03-18', 'gabriel.pratt@outlook.com', 'Zf80swH'),
(28496, 'Hannah Baird', 734, '2025-10-03', 'hannah.baird@outlook.com', 'Qm22tdL'),
(73950, 'Wyatt Davison', 954, '2025-06-28', 'wyatt.davison@outlook.com', 'Lr09ktP'),
(46731, 'Lily Monroe', 403, '2025-08-05', 'lily.monroe@outlook.com', 'Sd48qpC'),
(82564, 'Julian York', 877, '2025-11-18', 'julian.york@outlook.com', 'Vp71lgS');

INSERT INTO works (associate_ID, dept_name)
SELECT ID, dept_name
FROM associate;

INSERT INTO oversee(manager_ID, dept_name)
SELECT manager.ID, department.name
FROM manager
JOIN department on department.manager_ID = manager.ID;

INSERT INTO product_aisle (product_ID, aisle_ID, dept_name)
SELECT p.ID, a.ID, d.name
FROM product p
JOIN aisle a on a.ID = p.aisle_id
JOIN department d on d.name = a.dept_name;

INSERT INTO supplies (product_ID, supplier_ID)
SELECT p.ID, s.supplier_ID
FROM product p
JOIN supplier s on s.dept_name = p.dept_name;

INSERT INTO purchase (member_ID, product_ID, quantity, date_purchased) VALUES
(58291, 45, 3, '2025-04-12'),
(58291, 128, 2, '2025-05-20'),
(58291, 267, 4, '2025-06-08'),
(58291, 189, 1, '2025-07-15'),

(10482, 73, 5, '2025-08-05'),
(10482, 156, 2, '2025-09-10'),
(10482, 234, 3, '2025-10-18'),

(92841, 12, 4, '2025-03-01'),
(92841, 89, 1, '2025-04-22'),
(92841, 167, 5, '2025-06-14'),
(92841, 245, 2, '2025-08-30'),
(92841, 298, 3, '2025-10-11'),

(47305, 34, 2, '2025-06-02'),
(47305, 112, 4, '2025-07-19'),
(47305, 201, 1, '2025-09-25'),

(32049, 58, 3, '2025-07-08'),
(32049, 145, 5, '2025-08-16'),
(32049, 223, 2, '2025-09-30'),
(32049, 276, 4, '2025-11-05'),

(85192, 23, 1, '2025-04-15'),
(85192, 97, 3, '2025-06-20'),
(85192, 178, 2, '2025-08-07'),
(85192, 251, 5, '2025-10-22'),

(23814, 67, 4, '2025-10-28'),
(23814, 143, 2, '2025-11-12'),

(76290, 41, 5, '2025-05-10'),
(76290, 119, 1, '2025-06-25'),
(76290, 192, 3, '2025-08-13'),
(76290, 264, 2, '2025-09-28'),

(50967, 15, 4, '2025-08-02'),
(50967, 88, 2, '2025-09-15'),
(50967, 171, 5, '2025-10-30'),

(69432, 52, 1, '2025-09-18'),
(69432, 134, 3, '2025-10-25'),
(69432, 218, 4, '2025-11-08'),

(81234, 8, 2, '2025-02-14'),
(81234, 76, 5, '2025-04-03'),
(81234, 159, 1, '2025-06-17'),
(81234, 237, 3, '2025-08-29'),
(81234, 285, 4, '2025-10-12'),

(67549, 29, 3, '2025-03-22'),
(67549, 104, 2, '2025-05-08'),
(67549, 183, 5, '2025-07-14'),
(67549, 259, 1, '2025-09-19'),

(94028, 47, 4, '2025-07-11'),
(94028, 126, 2, '2025-08-24'),
(94028, 205, 3, '2025-10-06'),

(15704, 19, 5, '2025-04-18'),
(15704, 93, 1, '2025-06-09'),
(15704, 168, 2, '2025-08-21'),
(15704, 242, 4, '2025-10-15'),

(78501, 65, 3, '2025-11-10'),
(78501, 149, 2, '2025-11-20'),

(43017, 36, 4, '2025-05-27'),
(43017, 114, 1, '2025-07-05'),
(43017, 196, 5, '2025-09-11'),
(43017, 271, 3, '2025-10-28'),

(99830, 11, 2, '2025-06-13'),
(99830, 82, 4, '2025-07-29'),
(99830, 161, 1, '2025-09-04'),

(56192, 54, 3, '2025-09-22'),
(56192, 137, 5, '2025-10-17'),
(56192, 229, 2, '2025-11-14'),

(28913, 27, 4, '2025-08-08'),
(28913, 101, 2, '2025-09-26'),
(28913, 184, 1, '2025-11-03'),

(84476, 71, 3, '2025-10-19'),
(84476, 155, 5, '2025-11-11'),

(31059, 6, 2, '2025-03-16'),
(31059, 79, 4, '2025-05-21'),
(31059, 152, 1, '2025-07-30'),
(31059, 228, 3, '2025-09-12'),
(31059, 293, 5, '2025-11-01'),

(45627, 38, 3, '2025-06-22'),
(45627, 123, 2, '2025-08-04'),
(45627, 207, 4, '2025-10-09'),

(72018, 62, 1, '2025-10-14'),
(72018, 141, 5, '2025-11-07'),

(59042, 49, 3, '2025-11-18'),

(87415, 21, 2, '2025-04-26'),
(87415, 95, 4, '2025-06-11'),
(87415, 176, 1, '2025-08-18'),
(87415, 254, 5, '2025-10-02'),

(26984, 44, 3, '2025-07-20'),
(26984, 118, 2, '2025-09-03'),
(26984, 199, 4, '2025-10-27'),

(90531, 13, 5, '2025-08-11'),
(90531, 86, 1, '2025-09-29'),
(90531, 164, 3, '2025-11-06'),

(14862, 57, 2, '2025-09-08'),
(14862, 132, 4, '2025-10-23'),

(77394, 3, 1, '2025-02-25'),
(77394, 74, 3, '2025-04-12'),
(77394, 147, 5, '2025-06-28'),
(77394, 221, 2, '2025-08-14'),
(77394, 287, 4, '2025-10-19'),

(62458, 31, 3, '2025-05-30'),
(62458, 109, 2, '2025-07-16'),
(62458, 186, 5, '2025-09-21'),
(62458, 268, 1, '2025-11-04'),

(41980, 18, 4, '2025-07-07'),
(41980, 91, 2, '2025-08-25'),
(41980, 173, 3, '2025-10-10'),

(53712, 66, 5, '2025-11-09'),
(53712, 148, 1, '2025-11-22'),

(90217, 25, 2, '2025-06-04'),
(90217, 103, 4, '2025-07-23'),
(90217, 181, 1, '2025-09-07'),
(90217, 256, 3, '2025-10-31'),

(68143, 9, 5, '2025-04-08'),
(68143, 80, 2, '2025-06-19'),
(68143, 158, 4, '2025-08-26'),
(68143, 235, 1, '2025-10-13'),

(15077, 51, 3, '2025-08-19'),
(15077, 129, 2, '2025-10-05'),
(15077, 214, 5, '2025-11-16'),

(76481, 16, 4, '2025-03-28'),
(76481, 84, 1, '2025-05-14'),
(76481, 165, 3, '2025-07-22'),
(76481, 244, 2, '2025-09-08'),
(76481, 291, 5, '2025-11-13'),

(52944, 59, 2, '2025-09-27'),
(52944, 135, 4, '2025-10-21'),
(52944, 219, 1, '2025-11-15'),

(88316, 1, 3, '2025-02-17'),
(88316, 72, 5, '2025-04-05'),
(88316, 154, 2, '2025-06-16'),
(88316, 232, 4, '2025-08-23'),
(88316, 279, 1, '2025-10-29'),

(34579, 39, 2, '2025-05-19'),
(34579, 116, 3, '2025-07-02'),
(34579, 193, 5, '2025-09-14'),
(34579, 270, 4, '2025-11-08'),

(61023, 48, 1, '2025-09-20'),
(61023, 127, 4, '2025-10-26'),
(61023, 210, 2, '2025-11-17'),

(99205, 22, 3, '2025-04-21'),
(99205, 98, 2, '2025-06-07'),
(99205, 175, 5, '2025-08-15'),
(99205, 253, 1, '2025-10-20'),

(28496, 69, 4, '2025-10-24'),
(28496, 151, 3, '2025-11-12'),

(73950, 33, 2, '2025-07-26'),
(73950, 107, 5, '2025-09-10'),
(73950, 188, 1, '2025-10-28'),
(73950, 262, 3, '2025-11-19'),

(46731, 56, 4, '2025-09-02'),
(46731, 139, 2, '2025-10-16'),
(46731, 216, 5, '2025-11-11'),

(82564, 75, 3, '2025-11-21'),
(82564, 163, 1, '2025-11-25');
